{
  "train_loss": [
    0.8437585671742757,
    0.8304796854654948,
    0.8403936134444343,
    0.8302413158946567,
    0.8251202583312989,
    0.8154895795716179,
    0.8230949441591898,
    0.8272251036432055,
    0.8184860136773852,
    0.8073839359813266,
    0.8131303734249539,
    0.8013948215378656,
    0.8049346102608574
  ],
  "train_acc": [
    99.72222222222223,
    99.72222222222223,
    99.16666666666667,
    100.0,
    100.0,
    100.0,
    100.0,
    99.72222222222223,
    99.72222222222223,
    99.72222222222223,
    99.44444444444444,
    100.0,
    100.0
  ],
  "val_loss": [
    1.3051387310028075,
    1.3275353908538818,
    1.3611445903778077,
    1.3392933368682862,
    1.2470808506011963,
    1.3384634017944337,
    1.3142408847808837,
    1.2641647338867188,
    1.2723398685455323,
    1.257018780708313,
    1.2279092788696289,
    1.1732840538024902,
    1.187108850479126
  ],
  "val_acc": [
    85.0,
    82.5,
    82.5,
    82.5,
    85.0,
    82.5,
    77.5,
    80.0,
    82.5,
    82.5,
    82.5,
    85.0,
    85.0
  ],
  "lr": [
    0.01,
    0.01,
    0.01,
    0.01,
    0.01,
    0.00932554809788388,
    0.008652739126703477,
    0.007984850944135865,
    0.007325137434270627,
    0.00667681265501366,
    0.00604303517952012,
    0.005426892707943523,
    0.004831387024470972
  ],
  "best_acc": 85.0,
  "best_epoch": 1
}