{
  "train_loss": [
    3.8883189466264514,
    3.664953327178955,
    3.421752913792928,
    3.041926129659017,
    2.634059641096327,
    2.301152812110053,
    2.039719131257799,
    1.7528419839011298,
    1.5545512278874716,
    1.4284743388493857,
    1.2607816934585572,
    1.1823468155331083,
    1.1369651476542155,
    1.0632483641306558,
    1.0597951372464498,
    1.0083517101075914,
    0.9545903152889675,
    0.9460989872614542,
    0.9310700787438286,
    0.926072006755405,
    0.9085834304491679,
    0.8783620834350586,
    0.8634784910413954,
    0.865509303410848,
    0.892117981115977,
    0.8815733432769776,
    0.8684309270646837,
    0.839363153775533,
    0.8640609449810452,
    0.8515107618437873,
    0.8357738071017795,
    0.8418719371159872,
    0.8479130533006456,
    0.8376327580875821,
    0.8347715589735243,
    0.8304941760169136,
    0.8255138874053956,
    0.839694082736969,
    0.8275425950686137,
    0.8264909638298883,
    0.8246548732121786,
    0.8173170566558838,
    0.8248659981621637,
    0.8184773339165582,
    0.8176582045025296,
    0.8185459189944797,
    0.8164536449644301
  ],
  "train_acc": [
    5.0,
    5.0,
    13.61111111111111,
    24.72222222222222,
    41.388888888888886,
    49.44444444444444,
    59.44444444444444,
    71.94444444444444,
    78.33333333333333,
    82.5,
    89.44444444444444,
    91.11111111111111,
    90.83333333333333,
    94.72222222222223,
    95.0,
    96.11111111111111,
    97.22222222222223,
    96.94444444444444,
    97.77777777777777,
    96.11111111111111,
    98.61111111111111,
    98.88888888888889,
    99.16666666666667,
    98.61111111111111,
    98.33333333333333,
    98.61111111111111,
    98.33333333333333,
    99.44444444444444,
    98.88888888888889,
    99.72222222222223,
    99.44444444444444,
    99.16666666666667,
    99.16666666666667,
    99.72222222222223,
    99.44444444444444,
    99.72222222222223,
    99.72222222222223,
    99.72222222222223,
    99.72222222222223,
    99.44444444444444,
    99.44444444444444,
    100.0,
    99.72222222222223,
    99.72222222222223,
    100.0,
    99.72222222222223,
    99.72222222222223
  ],
  "val_loss": [
    3.8590188026428223,
    3.4810631275177,
    3.1425633907318113,
    2.794554853439331,
    2.5769140243530275,
    2.2940593719482423,
    2.071203422546387,
    1.8234115362167358,
    1.700047779083252,
    1.5555649518966674,
    1.493538498878479,
    1.4959922552108764,
    1.4226186752319336,
    1.3641709327697753,
    1.3827793598175049,
    1.2807369947433471,
    1.2523664474487304,
    1.2910049438476563,
    1.2659271240234375,
    1.296686601638794,
    1.2371862649917602,
    1.2645113468170166,
    1.2100585222244262,
    1.24294171333313,
    1.2467482566833497,
    1.212637686729431,
    1.2431339502334595,
    1.201543927192688,
    1.1986242294311524,
    1.2204177618026733,
    1.198513102531433,
    1.2240821838378906,
    1.2423525333404541,
    1.21619610786438,
    1.190942907333374,
    1.185821795463562,
    1.1966747760772705,
    1.1870218992233277,
    1.1857777833938599,
    1.182795262336731,
    1.183478832244873,
    1.1776490449905395,
    1.1838742971420289,
    1.1846254110336303,
    1.185589599609375,
    1.1850492000579833,
    1.1857017040252686
  ],
  "val_acc": [
    2.5,
    10.0,
    27.5,
    37.5,
    42.5,
    52.5,
    65.0,
    72.5,
    67.5,
    72.5,
    82.5,
    75.0,
    82.5,
    77.5,
    82.5,
    87.5,
    87.5,
    87.5,
    85.0,
    77.5,
    87.5,
    85.0,
    87.5,
    85.0,
    85.0,
    90.0,
    87.5,
    90.0,
    90.0,
    87.5,
    90.0,
    87.5,
    85.0,
    87.5,
    92.5,
    92.5,
    87.5,
    90.0,
    92.5,
    92.5,
    92.5,
    90.0,
    90.0,
    90.0,
    90.0,
    92.5,
    92.5
  ],
  "lr": [
    0.0004,
    0.0006,
    0.0008,
    0.001,
    0.001,
    0.0009987820251299122,
    0.0009951340343707852,
    0.000989073800366903,
    0.0009806308479691596,
    0.0009698463103929544,
    0.0009567727288213006,
    0.0009414737964294637,
    0.000924024048078213,
    0.0009045084971874739,
    0.0008830222215594891,
    0.0008596699001693257,
    0.0008345653031794292,
    0.0008078307376628292,
    0.0007795964517353735,
    0.0007500000000000001,
    0.0007191855733945389,
    0.0006873032967079562,
    0.000654508497187474,
    0.0006209609477998341,
    0.0005868240888334654,
    0.0005522642316338269,
    0.0005174497483512508,
    0.00048255025164874985,
    0.0004477357683661735,
    0.000413175911166535,
    0.00037903905220016624,
    0.0003454915028125265,
    0.0003126967032920441,
    0.00028081442660546135,
    0.0002500000000000002,
    0.00022040354826462674,
    0.00019216926233717093,
    0.00016543469682057095,
    0.00014033009983067441,
    0.00011697777844051111,
    9.549150281252638e-05,
    7.597595192178706e-05,
    5.852620357053665e-05,
    4.322727117869965e-05,
    3.015368960704586e-05,
    1.9369152030840676e-05,
    1.0926199633097163e-05
  ],
  "best_acc": 92.5,
  "best_epoch": 35
}