{
  "train_loss": [
    19.002107747395833,
    17.13415095011393,
    15.762716695997451,
    15.619014019436307,
    14.474373457166884,
    12.824809222751194,
    9.766344367133247,
    7.680221695370144,
    6.394344880845812,
    5.76171989440918,
    3.8039866818322077,
    3.4299032317267524,
    2.293229213025835,
    1.9513921750916374,
    1.6636651701397367,
    1.3453076071209378,
    0.948093079858356,
    0.645158344341649,
    0.7768495310511854,
    0.4822901980744468,
    0.5026063943074809,
    0.5037325859069824,
    0.4076203048229218,
    0.42574720402351685,
    0.2798968861500422,
    0.2565355063829985,
    0.17322776289656758,
    0.20234744046400818,
    0.12255678471798698,
    0.1975125314046939,
    0.09159292700545242
  ],
  "train_acc": [
    7.222222222222222,
    25.0,
    46.111111111111114,
    48.05555555555556,
    56.388888888888886,
    60.55555555555556,
    76.66666666666667,
    85.83333333333333,
    87.22222222222223,
    90.0,
    94.72222222222223,
    94.72222222222223,
    98.05555555555556,
    98.33333333333333,
    98.88888888888889,
    99.16666666666667,
    99.44444444444444,
    99.72222222222223,
    99.44444444444444,
    100.0,
    99.72222222222223,
    100.0,
    100.0,
    99.72222222222223,
    100.0,
    100.0,
    100.0,
    99.72222222222223,
    100.0,
    99.72222222222223,
    100.0
  ],
  "val_loss": [
    5.78160924911499,
    4.65631742477417,
    3.4822880268096923,
    3.2894104957580566,
    3.984926223754883,
    3.617074155807495,
    4.4228315353393555,
    2.413720178604126,
    2.2736619234085085,
    2.095234489440918,
    2.030202317237854,
    1.693821096420288,
    1.482610321044922,
    1.2537364162504674,
    1.1760688930749894,
    1.105138836055994,
    0.9014082372188568,
    1.0535867035388946,
    1.1985824227333068,
    0.8981653541326523,
    1.3659377731382847,
    1.2012140152975916,
    1.0497927529737354,
    1.190835043694824,
    1.125713113602251,
    0.9349207245977595,
    1.0125810431782156,
    1.0570605164393783,
    0.874455074686557,
    0.8783621931448579,
    0.8721507960231974
  ],
  "val_acc": [
    2.5,
    7.5,
    27.5,
    27.5,
    30.0,
    50.0,
    47.5,
    67.5,
    72.5,
    72.5,
    75.0,
    77.5,
    80.0,
    87.5,
    77.5,
    90.0,
    87.5,
    82.5,
    87.5,
    90.0,
    87.5,
    90.0,
    87.5,
    90.0,
    90.0,
    90.0,
    90.0,
    87.5,
    87.5,
    90.0,
    90.0
  ],
  "lr": [
    0.004,
    0.006,
    0.008,
    0.01,
    0.01,
    0.009987820251299122,
    0.009951340343707852,
    0.009890738003669028,
    0.009806308479691593,
    0.009698463103929541,
    0.009567727288213002,
    0.009414737964294633,
    0.009240240480782126,
    0.009045084971874734,
    0.008830222215594886,
    0.008596699001693252,
    0.008345653031794287,
    0.008078307376628287,
    0.00779596451735373,
    0.007499999999999996,
    0.007191855733945384,
    0.006873032967079557,
    0.006545084971874735,
    0.006209609477998337,
    0.00586824088833465,
    0.005522642316338266,
    0.0051744974835125045,
    0.004825502516487496,
    0.004477357683661733,
    0.004131759111665348,
    0.00379039052200166
  ],
  "best_acc": 90.0,
  "best_epoch": 16
}