{
  "train_loss": [
    3.8322235584259032,
    3.436251566145155,
    2.7673733234405518,
    2.210880692799886,
    1.8232850127749973,
    1.5536569780773586,
    1.3422194242477417,
    1.2167612393697103,
    1.1897766722573175,
    1.1225967248280844,
    1.1220793777041964,
    1.0110487858454387,
    0.9793337821960449,
    1.043756522072686,
    0.9620075808631049,
    0.9352220641242133,
    0.9180354528956943,
    0.9050880087746515,
    0.8731450133853489,
    0.8937180360158284,
    0.868890643119812,
    0.8742530955208673,
    0.862303966946072,
    0.8557802028126187,
    0.8459486775928073,
    0.8616172578599718,
    0.8348596387439304,
    0.8597552008099026,
    0.8239562392234803,
    0.8255828645494249,
    0.8227444489796957,
    0.8127409921752082
  ],
  "train_acc": [
    4.166666666666667,
    11.11111111111111,
    32.5,
    49.166666666666664,
    63.611111111111114,
    73.88888888888889,
    84.16666666666667,
    85.27777777777777,
    87.22222222222223,
    90.27777777777777,
    90.55555555555556,
    95.83333333333333,
    95.55555555555556,
    93.33333333333333,
    96.11111111111111,
    96.94444444444444,
    98.05555555555556,
    98.33333333333333,
    99.72222222222223,
    98.88888888888889,
    99.72222222222223,
    99.44444444444444,
    99.16666666666667,
    99.16666666666667,
    100.0,
    98.33333333333333,
    99.72222222222223,
    99.44444444444444,
    100.0,
    99.72222222222223,
    100.0,
    99.44444444444444
  ],
  "val_loss": [
    3.7952499389648438,
    3.105062389373779,
    2.422259521484375,
    1.9812589168548584,
    1.9471553325653077,
    1.5119750261306764,
    1.6384249687194825,
    1.5428390979766846,
    1.5676961421966553,
    1.452568817138672,
    1.37269287109375,
    1.4088814973831176,
    1.2875500679016114,
    1.371220088005066,
    1.3607914924621582,
    1.351491928100586,
    1.2879064083099365,
    1.3512736558914185,
    1.3022575378417969,
    1.2170943737030029,
    1.2988603591918946,
    1.211677861213684,
    1.2118392705917358,
    1.2318733930587769,
    1.2805549144744872,
    1.256691288948059,
    1.279926609992981,
    1.2251243352890016,
    1.2686640262603759,
    1.2616107702255248,
    1.232561755180359,
    1.1944000720977783
  ],
  "val_acc": [
    2.5,
    22.5,
    50.0,
    55.0,
    65.0,
    77.5,
    67.5,
    75.0,
    72.5,
    77.5,
    77.5,
    75.0,
    77.5,
    80.0,
    75.0,
    77.5,
    80.0,
    77.5,
    82.5,
    85.0,
    75.0,
    80.0,
    85.0,
    82.5,
    75.0,
    80.0,
    80.0,
    80.0,
    77.5,
    77.5,
    80.0,
    80.0
  ],
  "lr": [
    0.004,
    0.006,
    0.008,
    0.01,
    0.01,
    0.009987820251299122,
    0.009951340343707852,
    0.009890738003669028,
    0.009806308479691593,
    0.009698463103929541,
    0.009567727288213002,
    0.009414737964294633,
    0.009240240480782126,
    0.009045084971874734,
    0.008830222215594886,
    0.008596699001693252,
    0.008345653031794287,
    0.008078307376628287,
    0.00779596451735373,
    0.007499999999999996,
    0.007191855733945384,
    0.006873032967079557,
    0.006545084971874735,
    0.006209609477998337,
    0.00586824088833465,
    0.005522642316338266,
    0.0051744974835125045,
    0.004825502516487496,
    0.004477357683661733,
    0.004131759111665348,
    0.00379039052200166,
    0.0034549150281252628
  ],
  "best_acc": 85.0,
  "best_epoch": 20
}