{
  "train_loss": [
    3.942014609442817,
    3.6849379645453557,
    3.2995302147335477,
    2.6610644128587513,
    2.1321729871961805,
    1.7710669358571371,
    1.4604137314690484,
    1.3299849298265245,
    1.2340088182025486,
    1.1507746511035495,
    1.1746318101882935,
    1.1879427300559149,
    1.0556922435760498,
    1.0059057765536839,
    0.9729704446262784,
    0.9350620693630642,
    0.9247622887293497,
    0.930563751856486,
    0.946970706515842,
    0.9035872194502089,
    0.8988501230875651,
    0.8831648972299364,
    0.8860446612040201,
    0.8591143078274197,
    0.865011903974745
  ],
  "train_acc": [
    3.3333333333333335,
    5.277777777777778,
    15.0,
    36.111111111111114,
    57.22222222222222,
    64.72222222222223,
    75.83333333333333,
    83.05555555555556,
    85.83333333333333,
    88.05555555555556,
    87.77777777777777,
    88.88888888888889,
    93.88888888888889,
    95.55555555555556,
    97.5,
    98.88888888888889,
    97.22222222222223,
    98.33333333333333,
    96.38888888888889,
    98.05555555555556,
    99.72222222222223,
    98.88888888888889,
    98.88888888888889,
    99.72222222222223,
    99.44444444444444
  ],
  "val_loss": [
    3.864764404296875,
    3.3910455226898195,
    2.9831984519958494,
    2.2333022117614747,
    1.839524507522583,
    1.7459872007369994,
    1.6267727851867675,
    1.4527032375335693,
    1.4633198976516724,
    1.416618013381958,
    1.3639772415161133,
    1.2306763172149657,
    1.1377927303314208,
    1.1572028398513794,
    1.082566785812378,
    1.0641110420227051,
    1.0730122327804565,
    1.061688780784607,
    1.0736690282821655,
    1.0466798067092895,
    1.0378882169723511,
    1.040249490737915,
    1.0514531135559082,
    1.0743074417114258,
    1.0492356777191163
  ],
  "val_acc": [
    0.0,
    12.5,
    27.5,
    50.0,
    65.0,
    65.0,
    72.5,
    80.0,
    80.0,
    72.5,
    77.5,
    90.0,
    92.5,
    92.5,
    92.5,
    90.0,
    92.5,
    92.5,
    92.5,
    92.5,
    92.5,
    92.5,
    92.5,
    87.5,
    92.5
  ],
  "lr": [
    0.004,
    0.006,
    0.008,
    0.01,
    0.01,
    0.009987820251299122,
    0.009951340343707852,
    0.009890738003669028,
    0.009806308479691593,
    0.009698463103929541,
    0.009567727288213002,
    0.009414737964294633,
    0.009240240480782126,
    0.009045084971874734,
    0.008830222215594886,
    0.008596699001693252,
    0.008345653031794287,
    0.008078307376628287,
    0.00779596451735373,
    0.007499999999999996,
    0.007191855733945384,
    0.006873032967079557,
    0.006545084971874735,
    0.006209609477998337,
    0.00586824088833465
  ],
  "best_acc": 92.5,
  "best_epoch": 13
}