{
  "train_loss": [
    3.9489439593421087,
    3.7906976381937665,
    3.5316915194193523,
    3.1734505229526095,
    2.8472559399074977,
    2.3648476229773627,
    2.147563992606269,
    1.8788478586408828,
    1.6195276816685995,
    1.501624149746365,
    1.3267165025075276,
    1.2410832140180799,
    1.1995793554517957,
    1.0800477849112617,
    1.0985432200961642,
    1.0064712391959296,
    1.0156668504079183,
    0.9298707564671834,
    0.9665676964653863,
    0.9319835146268208,
    0.9163375669055515,
    0.9432672553592258,
    0.9207238700654772,
    0.9045707914564345,
    0.8846525510152181,
    0.877176300684611,
    0.877236564954122,
    0.8836344056659274,
    0.8639681736628214,
    0.8603383196724785,
    0.8612721933258904,
    0.8556740019056532,
    0.8423726903067694,
    0.8566357559627957,
    0.8476678225729201,
    0.8409599555863274,
    0.8287591483857897,
    0.843439229329427
  ],
  "train_acc": [
    4.444444444444445,
    3.3333333333333335,
    10.277777777777779,
    21.944444444444443,
    33.611111111111114,
    47.5,
    59.166666666666664,
    65.83333333333333,
    78.88888888888889,
    81.94444444444444,
    86.66666666666667,
    87.77777777777777,
    90.27777777777777,
    93.88888888888889,
    93.05555555555556,
    96.66666666666667,
    95.83333333333333,
    97.77777777777777,
    97.5,
    97.22222222222223,
    97.22222222222223,
    96.38888888888889,
    96.94444444444444,
    98.05555555555556,
    99.44444444444444,
    98.88888888888889,
    98.88888888888889,
    99.44444444444444,
    99.44444444444444,
    98.88888888888889,
    99.44444444444444,
    99.44444444444444,
    99.16666666666667,
    99.16666666666667,
    99.16666666666667,
    99.44444444444444,
    99.44444444444444,
    98.88888888888889
  ],
  "val_loss": [
    3.818654680252075,
    3.621040678024292,
    3.428216028213501,
    3.16886510848999,
    2.723487663269043,
    2.3989478588104247,
    2.079125189781189,
    1.8214574337005616,
    1.6854794502258301,
    1.5228192806243896,
    1.3998251914978028,
    1.335505199432373,
    1.317220115661621,
    1.278663730621338,
    1.230680227279663,
    1.2150368213653564,
    1.1722057342529297,
    1.1658651113510132,
    1.1671095371246338,
    1.1520732402801515,
    1.120085024833679,
    1.1080111503601073,
    1.1162249326705933,
    1.1185572624206543,
    1.0803226232528687,
    1.0349444627761841,
    1.0539273977279664,
    1.0977141380310058,
    1.1049073696136475,
    1.1189729928970338,
    1.0932864189147948,
    1.079208779335022,
    1.0833524703979491,
    1.081662368774414,
    1.064389967918396,
    1.0728182315826416,
    1.0771286487579346,
    1.0848740100860597
  ],
  "val_acc": [
    5.0,
    7.5,
    10.0,
    22.5,
    35.0,
    55.0,
    62.5,
    72.5,
    75.0,
    80.0,
    85.0,
    80.0,
    80.0,
    77.5,
    82.5,
    82.5,
    85.0,
    85.0,
    85.0,
    80.0,
    85.0,
    90.0,
    85.0,
    85.0,
    90.0,
    92.5,
    87.5,
    87.5,
    87.5,
    87.5,
    87.5,
    90.0,
    90.0,
    87.5,
    87.5,
    87.5,
    85.0,
    85.0
  ],
  "lr": [
    0.0004,
    0.0006,
    0.0008,
    0.001,
    0.001,
    0.0009987820251299122,
    0.0009951340343707852,
    0.000989073800366903,
    0.0009806308479691596,
    0.0009698463103929544,
    0.0009567727288213006,
    0.0009414737964294637,
    0.000924024048078213,
    0.0009045084971874739,
    0.0008830222215594891,
    0.0008596699001693257,
    0.0008345653031794292,
    0.0008078307376628292,
    0.0007795964517353735,
    0.0007500000000000001,
    0.0007191855733945389,
    0.0006873032967079562,
    0.000654508497187474,
    0.0006209609477998341,
    0.0005868240888334654,
    0.0005522642316338269,
    0.0005174497483512508,
    0.00048255025164874985,
    0.0004477357683661735,
    0.000413175911166535,
    0.00037903905220016624,
    0.0003454915028125265,
    0.0003126967032920441,
    0.00028081442660546135,
    0.0002500000000000002,
    0.00022040354826462674,
    0.00019216926233717093,
    0.00016543469682057095
  ],
  "best_acc": 92.5,
  "best_epoch": 26
}