{
  "train_loss": [
    3.9205212487114802,
    3.522775157292684,
    2.8564361519283716,
    2.2384367439481947,
    1.9149099985758464,
    1.5849586857689753,
    1.4092153390248616,
    1.2980072922176784,
    1.2196533812416925,
    1.1753353993097941,
    1.0699103262689378,
    1.0356239716211955,
    1.0001446776919896,
    0.9913710157076517,
    0.9843486083878411,
    0.9866719775729709,
    0.9388392607371012,
    0.9541305873129103,
    0.8964735309282938,
    0.9052919308344524,
    0.8693973435295953,
    0.8820924785402086,
    0.8860376132859125,
    0.873352759414249,
    0.8681719674004449,
    0.8568710088729858,
    0.8522277580367195,
    0.8468830797407362,
    0.8420574400160048,
    0.8291939828130934,
    0.8263834158579508,
    0.8267940653695001,
    0.8232277671496073,
    0.8258331484264798,
    0.8275297390090095
  ],
  "train_acc": [
    1.6666666666666667,
    8.88888888888889,
    26.11111111111111,
    49.166666666666664,
    60.833333333333336,
    70.55555555555556,
    77.77777777777777,
    86.11111111111111,
    87.5,
    88.33333333333333,
    93.33333333333333,
    93.33333333333333,
    95.83333333333333,
    95.27777777777777,
    96.11111111111111,
    95.83333333333333,
    96.94444444444444,
    95.83333333333333,
    99.16666666666667,
    97.77777777777777,
    99.44444444444444,
    99.16666666666667,
    97.77777777777777,
    98.88888888888889,
    99.44444444444444,
    99.16666666666667,
    98.88888888888889,
    98.88888888888889,
    99.44444444444444,
    99.72222222222223,
    99.44444444444444,
    100.0,
    100.0,
    100.0,
    99.16666666666667
  ],
  "val_loss": [
    3.804750919342041,
    3.1136351108551024,
    2.5787117958068846,
    2.1474252700805665,
    1.7121257543563844,
    1.6319719552993774,
    1.3917097091674804,
    1.3603557825088501,
    1.2765649557113647,
    1.4327331066131592,
    1.3225598096847535,
    1.257964515686035,
    1.2814015388488769,
    1.1276917457580566,
    1.2388591289520263,
    1.2514511823654175,
    1.1402201890945434,
    1.12789785861969,
    1.1319690704345704,
    1.1344666481018066,
    1.1275353908538819,
    1.1202670097351075,
    1.0648911595344543,
    1.0913525342941284,
    1.0250459671020509,
    1.0632305860519409,
    1.0618406534194946,
    1.0533099889755249,
    1.042811965942383,
    1.018879270553589,
    1.0177223443984986,
    1.0296069860458374,
    1.0258411169052124,
    1.0220640063285829,
    1.0077709436416626
  ],
  "val_acc": [
    2.5,
    27.5,
    42.5,
    52.5,
    65.0,
    75.0,
    75.0,
    80.0,
    82.5,
    77.5,
    72.5,
    82.5,
    85.0,
    87.5,
    85.0,
    85.0,
    90.0,
    90.0,
    90.0,
    90.0,
    85.0,
    87.5,
    92.5,
    90.0,
    92.5,
    90.0,
    90.0,
    90.0,
    90.0,
    92.5,
    92.5,
    90.0,
    90.0,
    90.0,
    92.5
  ],
  "lr": [
    0.004,
    0.006,
    0.008,
    0.01,
    0.01,
    0.009987820251299122,
    0.009951340343707852,
    0.009890738003669028,
    0.009806308479691593,
    0.009698463103929541,
    0.009567727288213002,
    0.009414737964294633,
    0.009240240480782126,
    0.009045084971874734,
    0.008830222215594886,
    0.008596699001693252,
    0.008345653031794287,
    0.008078307376628287,
    0.00779596451735373,
    0.007499999999999996,
    0.007191855733945384,
    0.006873032967079557,
    0.006545084971874735,
    0.006209609477998337,
    0.00586824088833465,
    0.005522642316338266,
    0.0051744974835125045,
    0.004825502516487496,
    0.004477357683661733,
    0.004131759111665348,
    0.00379039052200166,
    0.0034549150281252628,
    0.0031269670329204394,
    0.002808144266054612,
    0.002500000000000001
  ],
  "best_acc": 92.5,
  "best_epoch": 23
}