{
  "train_loss": [
    18.905517874823676,
    17.60622147454156,
    16.32311108907064,
    15.409409586588541,
    15.760873561435275,
    13.33949400583903,
    10.746555031670464,
    8.998213386535644,
    7.131379254659017,
    6.023464685016208,
    4.5703272130754256,
    3.0345072666803996,
    2.6667767153845894,
    2.060600741704305,
    1.7725822978549532,
    1.679742874039544,
    1.6209205375777351,
    1.317670143975152,
    1.173823329475191,
    0.7657607695294751,
    0.671630941496955,
    0.5477750086949931,
    0.5970053863194253,
    0.4577821618980832,
    0.40833158244689305,
    0.30134626602133113,
    0.2766415851087206,
    0.21694996249344614,
    0.21583004360501137,
    0.1597118548428019,
    0.13317360737257533,
    0.10606646210783058,
    0.09510862751760417,
    0.1493929992429912,
    0.13531981109538013,
    0.11684921322545658,
    0.10956753776926133,
    0.13586566261171054,
    0.09583993141228954,
    0.11299762857508742,
    0.057792803986618915,
    0.054120105711950195,
    0.09704459939255483,
    0.13459537871595886,
    0.05073756397080918,
    0.04036739907460287
  ],
  "train_acc": [
    4.166666666666667,
    15.833333333333334,
    37.77777777777778,
    48.611111111111114,
    46.388888888888886,
    59.166666666666664,
    71.94444444444444,
    80.27777777777777,
    84.72222222222223,
    91.11111111111111,
    93.05555555555556,
    97.22222222222223,
    96.66666666666667,
    98.61111111111111,
    98.88888888888889,
    98.88888888888889,
    99.16666666666667,
    99.44444444444444,
    98.61111111111111,
    99.44444444444444,
    100.0,
    99.72222222222223,
    100.0,
    99.72222222222223,
    100.0,
    100.0,
    100.0,
    100.0,
    100.0,
    100.0,
    100.0,
    100.0,
    100.0,
    99.72222222222223,
    100.0,
    100.0,
    99.72222222222223,
    99.72222222222223,
    100.0,
    100.0,
    100.0,
    100.0,
    100.0,
    99.72222222222223,
    100.0,
    100.0
  ],
  "val_loss": [
    5.074187088012695,
    3.595924949645996,
    2.3771594524383546,
    4.732254981994629,
    2.8109059810638426,
    2.835765075683594,
    1.8162622451782227,
    1.7859430074691773,
    1.8715459108352661,
    0.8105786323547364,
    0.9101028174161911,
    0.6435850083827972,
    1.155225121974945,
    0.4859257861971855,
    0.593712967634201,
    0.74406658411026,
    0.4284241640008986,
    0.5257468909025192,
    0.8148075699806213,
    0.7272341594099998,
    0.9254215192049742,
    0.8147259712219238,
    0.8281269609928131,
    0.7417816281318664,
    0.7830400548875331,
    0.5675428073853255,
    0.8278358370065689,
    0.6277778386953287,
    0.5588984578847885,
    0.5386789351701736,
    0.5120054380968213,
    0.5563117057085037,
    0.5790280949324369,
    0.5609685868024826,
    0.5375058057717979,
    0.6975833922624588,
    0.5775658905506134,
    0.6253601670265198,
    0.6747609585523605,
    0.6848939210176468,
    0.6568660736083984,
    0.6846841335296631,
    0.69010608792305,
    0.6785692155361176,
    0.6581440091133117,
    0.6816476285457611
  ],
  "val_acc": [
    2.5,
    17.5,
    50.0,
    32.5,
    40.0,
    55.0,
    62.5,
    70.0,
    65.0,
    82.5,
    85.0,
    90.0,
    85.0,
    90.0,
    82.5,
    82.5,
    92.5,
    92.5,
    87.5,
    90.0,
    87.5,
    87.5,
    87.5,
    90.0,
    92.5,
    92.5,
    90.0,
    92.5,
    92.5,
    92.5,
    95.0,
    95.0,
    95.0,
    95.0,
    95.0,
    90.0,
    92.5,
    90.0,
    90.0,
    90.0,
    90.0,
    90.0,
    90.0,
    90.0,
    90.0,
    90.0
  ],
  "lr": [
    0.004,
    0.006,
    0.008,
    0.01,
    0.01,
    0.009987820251299122,
    0.009951340343707852,
    0.009890738003669028,
    0.009806308479691593,
    0.009698463103929541,
    0.009567727288213002,
    0.009414737964294633,
    0.009240240480782126,
    0.009045084971874734,
    0.008830222215594886,
    0.008596699001693252,
    0.008345653031794287,
    0.008078307376628287,
    0.00779596451735373,
    0.007499999999999996,
    0.007191855733945384,
    0.006873032967079557,
    0.006545084971874735,
    0.006209609477998337,
    0.00586824088833465,
    0.005522642316338266,
    0.0051744974835125045,
    0.004825502516487496,
    0.004477357683661733,
    0.004131759111665348,
    0.00379039052200166,
    0.0034549150281252628,
    0.0031269670329204394,
    0.002808144266054612,
    0.002500000000000001,
    0.0022040354826462663,
    0.0019216926233717084,
    0.0016543469682057086,
    0.0014033009983067434,
    0.0011697777844051104,
    0.0009549150281252632,
    0.0007597595192178701,
    0.0005852620357053661,
    0.0004322727117869962,
    0.0003015368960704584,
    0.00019369152030840662
  ],
  "best_acc": 95.0,
  "best_epoch": 31
}