{
  "train_loss": [
    18.936460876464842,
    17.424997244940865,
    16.11108309427897,
    15.583405134412978,
    14.562723286946614,
    13.156481870015462,
    11.559403165181477,
    9.037016042073567,
    6.8387172275119354,
    5.5215038193596735,
    4.009291585286459,
    3.5855144765641955,
    3.588668786154853,
    2.699570065074497,
    2.369256941477458,
    1.6170188453462389,
    1.1692278696431053,
    1.2255501243803235,
    1.080436560842726,
    0.9372793800301022,
    0.4571254289812512,
    0.8000302546554141,
    0.4481653284695413,
    0.36882819102870096,
    0.37527907047834663,
    0.5105294816195964,
    0.22283750447548098,
    0.3418604633046521,
    0.3843131699288885,
    0.2682071401323709,
    0.22918332090808285,
    0.14037134362798598,
    0.10832253724543585,
    0.13680055572961766,
    0.047281432255274716,
    0.12101384304567343,
    0.07561219411177768,
    0.0994694055006322,
    0.042617337974823186,
    0.09360391510029634,
    0.10691709516880413,
    0.07824965981093959,
    0.08489560035523028,
    0.14453822036480737,
    0.06566352179377444,
    0.046715205483552485
  ],
  "train_acc": [
    5.555555555555555,
    16.666666666666668,
    40.27777777777778,
    45.833333333333336,
    55.0,
    64.72222222222223,
    71.38888888888889,
    80.0,
    86.94444444444444,
    90.27777777777777,
    95.27777777777777,
    95.55555555555556,
    95.27777777777777,
    97.5,
    98.05555555555556,
    100.0,
    98.88888888888889,
    98.61111111111111,
    99.72222222222223,
    99.44444444444444,
    100.0,
    99.72222222222223,
    100.0,
    100.0,
    99.72222222222223,
    100.0,
    100.0,
    100.0,
    99.72222222222223,
    100.0,
    100.0,
    100.0,
    100.0,
    100.0,
    100.0,
    100.0,
    100.0,
    100.0,
    100.0,
    100.0,
    100.0,
    100.0,
    100.0,
    100.0,
    100.0,
    100.0
  ],
  "val_loss": [
    4.778057479858399,
    3.996147060394287,
    3.1244438171386717,
    3.2479367733001707,
    3.6295599937438965,
    3.3463495850563048,
    2.8950552940368652,
    2.4429830074310304,
    3.2074470996856688,
    2.0800920963287353,
    2.0389449119567873,
    1.2673733472824096,
    1.6135061264038086,
    1.445082414150238,
    1.1473777174949646,
    1.1897725820541383,
    1.0603815734386444,
    1.1179189145565034,
    1.5745823383331299,
    1.302185869216919,
    1.3094276428222655,
    0.9927997589111328,
    1.5104671001434327,
    1.5615630865097045,
    1.4938594102859497,
    1.3724395275115966,
    1.1380891799926758,
    0.9931429743766784,
    1.0743353426456452,
    0.8574156135320663,
    0.9073698699474335,
    1.0693037986755372,
    1.3472298860549927,
    0.9274119853973388,
    1.0704554915428162,
    1.1007761478424072,
    1.1290815234184266,
    1.1554272890090942,
    1.131316900253296,
    1.1015947461128235,
    1.0925234794616698,
    1.0745554208755492,
    1.0760317683219909,
    1.0502007842063903,
    1.0496028184890747,
    1.0458706259727477
  ],
  "val_acc": [
    2.5,
    7.5,
    32.5,
    40.0,
    30.0,
    40.0,
    55.0,
    55.0,
    57.5,
    67.5,
    70.0,
    72.5,
    72.5,
    75.0,
    85.0,
    80.0,
    85.0,
    85.0,
    75.0,
    85.0,
    80.0,
    85.0,
    80.0,
    82.5,
    82.5,
    80.0,
    87.5,
    82.5,
    87.5,
    87.5,
    90.0,
    82.5,
    80.0,
    87.5,
    85.0,
    85.0,
    82.5,
    85.0,
    85.0,
    85.0,
    85.0,
    87.5,
    87.5,
    87.5,
    87.5,
    87.5
  ],
  "lr": [
    0.004,
    0.006,
    0.008,
    0.01,
    0.01,
    0.009987820251299122,
    0.009951340343707852,
    0.009890738003669028,
    0.009806308479691593,
    0.009698463103929541,
    0.009567727288213002,
    0.009414737964294633,
    0.009240240480782126,
    0.009045084971874734,
    0.008830222215594886,
    0.008596699001693252,
    0.008345653031794287,
    0.008078307376628287,
    0.00779596451735373,
    0.007499999999999996,
    0.007191855733945384,
    0.006873032967079557,
    0.006545084971874735,
    0.006209609477998337,
    0.00586824088833465,
    0.005522642316338266,
    0.0051744974835125045,
    0.004825502516487496,
    0.004477357683661733,
    0.004131759111665348,
    0.00379039052200166,
    0.0034549150281252628,
    0.0031269670329204394,
    0.002808144266054612,
    0.002500000000000001,
    0.0022040354826462663,
    0.0019216926233717084,
    0.0016543469682057086,
    0.0014033009983067434,
    0.0011697777844051104,
    0.0009549150281252632,
    0.0007597595192178701,
    0.0005852620357053661,
    0.0004322727117869962,
    0.0003015368960704584,
    0.00019369152030840662
  ],
  "best_acc": 90.0,
  "best_epoch": 31
}