{
  "train_loss": [
    17.716638861762153,
    16.95881898668077,
    16.26846483018663,
    15.535392591688368,
    14.548434829711914,
    13.164686054653592,
    11.953435685899523,
    9.996687020195855,
    8.282298808627658,
    5.929657204945882,
    4.908986843956841,
    3.7066978242662216,
    3.452477847205268,
    2.421062562200758,
    1.85682209332784,
    1.3990665316581725,
    1.4284519328011407,
    1.421494295861986,
    1.2889272719621658,
    0.8996901038620208,
    0.5828917945838636,
    0.5418147153324551,
    0.41782352295186787,
    0.40079644937068226,
    0.24134033309916655,
    0.254850956880384,
    0.22144014684276447,
    0.3467005454314252,
    0.15453827753663063,
    0.09456961548162832,
    0.12157492882882555,
    0.1476943552494049,
    0.16007585057781804,
    0.07344312957591481,
    0.11810049757671853,
    0.0840587940480974,
    0.09561796626076102
  ],
  "train_acc": [
    14.166666666666666,
    28.88888888888889,
    38.05555555555556,
    45.0,
    49.166666666666664,
    65.27777777777777,
    71.94444444444444,
    77.77777777777777,
    83.33333333333333,
    90.27777777777777,
    93.05555555555556,
    94.72222222222223,
    95.27777777777777,
    97.5,
    98.33333333333333,
    98.61111111111111,
    98.88888888888889,
    100.0,
    99.72222222222223,
    99.44444444444444,
    100.0,
    100.0,
    100.0,
    100.0,
    100.0,
    100.0,
    100.0,
    99.72222222222223,
    100.0,
    100.0,
    100.0,
    100.0,
    100.0,
    100.0,
    100.0,
    100.0,
    100.0
  ],
  "val_loss": [
    4.066998052597046,
    2.8201748371124267,
    3.22117919921875,
    3.9859129905700685,
    3.1734915256500242,
    2.4555824756622315,
    3.99797043800354,
    1.6872011303901673,
    1.6143661975860595,
    0.9904806762933731,
    1.1784290611743926,
    0.6502170085906982,
    0.9193345189094544,
    0.5775552818551659,
    0.6660785257816315,
    0.5721914112567902,
    0.6494566235225647,
    0.6554815465584397,
    0.44932169318199155,
    0.491952670365572,
    0.7430848360061646,
    0.4899101510643959,
    0.5725504946894944,
    0.6452909976243972,
    0.6775051051750779,
    0.7624851383268834,
    0.6463017240166664,
    0.7064656317234039,
    0.8056648135185241,
    0.7318117022514343,
    0.6499015480279923,
    0.6755288571119309,
    0.5514085222035646,
    0.6130846560001373,
    0.6845773875713348,
    0.5873178899288177,
    0.6068373203277588
  ],
  "val_acc": [
    5.0,
    35.0,
    25.0,
    32.5,
    37.5,
    55.0,
    45.0,
    75.0,
    72.5,
    82.5,
    82.5,
    87.5,
    85.0,
    90.0,
    92.5,
    90.0,
    92.5,
    90.0,
    92.5,
    92.5,
    90.0,
    95.0,
    92.5,
    95.0,
    92.5,
    92.5,
    92.5,
    90.0,
    90.0,
    90.0,
    95.0,
    92.5,
    95.0,
    92.5,
    92.5,
    92.5,
    90.0
  ],
  "lr": [
    0.004,
    0.006,
    0.008,
    0.01,
    0.01,
    0.009987820251299122,
    0.009951340343707852,
    0.009890738003669028,
    0.009806308479691593,
    0.009698463103929541,
    0.009567727288213002,
    0.009414737964294633,
    0.009240240480782126,
    0.009045084971874734,
    0.008830222215594886,
    0.008596699001693252,
    0.008345653031794287,
    0.008078307376628287,
    0.00779596451735373,
    0.007499999999999996,
    0.007191855733945384,
    0.006873032967079557,
    0.006545084971874735,
    0.006209609477998337,
    0.00586824088833465,
    0.005522642316338266,
    0.0051744974835125045,
    0.004825502516487496,
    0.004477357683661733,
    0.004131759111665348,
    0.00379039052200166,
    0.0034549150281252628,
    0.0031269670329204394,
    0.002808144266054612,
    0.002500000000000001,
    0.0022040354826462663,
    0.0019216926233717084
  ],
  "best_acc": 95.0,
  "best_epoch": 22
}