{
  "train_loss": [
    0.7855747805701362,
    0.7852405309677124,
    0.7911023815472921,
    0.7992397242122227,
    0.7841070148679945,
    0.7794257402420044,
    0.7859342469109429,
    0.7808415280448066,
    0.7763472186194526,
    0.7733100811640422,
    0.7733432743284437,
    0.7783230119281345,
    0.7748150851991441
  ],
  "train_acc": [
    100.0,
    99.72222222222223,
    99.72222222222223,
    100.0,
    100.0,
    100.0,
    100.0,
    99.72222222222223,
    100.0,
    100.0,
    100.0,
    100.0,
    100.0
  ],
  "val_loss": [
    0.9462158918380738,
    0.9502697944641113,
    0.9727144718170166,
    0.9607157945632935,
    0.9565191268920898,
    0.9667859554290772,
    0.9640056610107421,
    0.9213791847229004,
    0.9321170330047608,
    0.9507716655731201,
    0.9427390336990357,
    0.9101891040802002,
    0.9279386758804321
  ],
  "val_acc": [
    95.0,
    92.5,
    92.5,
    95.0,
    92.5,
    92.5,
    92.5,
    95.0,
    95.0,
    95.0,
    92.5,
    95.0,
    95.0
  ],
  "lr": [
    0.004,
    0.006,
    0.008,
    0.01,
    0.01,
    0.009987820251299122,
    0.009951340343707852,
    0.009890738003669028,
    0.009806308479691593,
    0.009698463103929541,
    0.009567727288213002,
    0.009414737964294633,
    0.009240240480782126
  ],
  "best_acc": 95.0,
  "best_epoch": 1
}