{
  "train_loss": [
    3.917516687181261,
    3.612266476949056,
    3.3824748622046577,
    3.0571439054277207,
    2.642527781592475,
    2.2692035992940265,
    1.8776347955067954,
    1.7033761766221789,
    1.4627042929331462,
    1.3397898515065512,
    1.2287945985794066,
    1.1402649323145548,
    1.1247707631852892,
    1.0526566677623326,
    1.0277701483832464,
    1.011445274617937,
    0.9700985378689236,
    0.9305037154091729,
    0.9623375945621067,
    0.9340655273861356,
    0.912147339185079,
    0.8988042142656114,
    0.8977603753407796,
    0.8812563233905368,
    0.8922514968448215,
    0.8601215614212884,
    0.871486841307746,
    0.8675668915112813,
    0.8573449691136678,
    0.8575604465272691,
    0.8442094458474053,
    0.8436156140433417,
    0.8369232866499159,
    0.828217766020033,
    0.8183077414830525,
    0.8385097887780931
  ],
  "train_acc": [
    2.5,
    6.944444444444445,
    15.0,
    25.555555555555557,
    38.333333333333336,
    52.5,
    69.44444444444444,
    74.16666666666667,
    81.66666666666667,
    84.16666666666667,
    88.33333333333333,
    92.22222222222223,
    90.0,
    94.16666666666667,
    94.44444444444444,
    96.38888888888889,
    97.22222222222223,
    96.94444444444444,
    97.22222222222223,
    97.22222222222223,
    98.05555555555556,
    98.61111111111111,
    98.33333333333333,
    98.33333333333333,
    98.05555555555556,
    99.16666666666667,
    98.05555555555556,
    98.88888888888889,
    99.16666666666667,
    98.61111111111111,
    99.44444444444444,
    99.44444444444444,
    99.72222222222223,
    99.44444444444444,
    99.72222222222223,
    99.44444444444444
  ],
  "val_loss": [
    3.788963222503662,
    3.50367956161499,
    3.261620855331421,
    2.892330265045166,
    2.675198459625244,
    2.323255491256714,
    2.2008500576019285,
    2.003984832763672,
    1.8857361793518066,
    1.8057418584823608,
    1.6620026588439942,
    1.5986902236938476,
    1.572492742538452,
    1.5655494689941407,
    1.6651500701904296,
    1.6001410961151123,
    1.587618112564087,
    1.5350748538970946,
    1.4495347023010254,
    1.4179733037948608,
    1.3978294372558593,
    1.4093749046325683,
    1.4259673357009888,
    1.3814815044403077,
    1.34946608543396,
    1.3749880075454712,
    1.389929747581482,
    1.3508033275604248,
    1.3026910781860352,
    1.3267285346984863,
    1.3209816455841064,
    1.3401418209075928,
    1.3592528581619263,
    1.3504501104354858,
    1.3351593971252442,
    1.3101280212402344
  ],
  "val_acc": [
    0.0,
    15.0,
    30.0,
    35.0,
    55.0,
    62.5,
    62.5,
    57.5,
    67.5,
    70.0,
    75.0,
    72.5,
    70.0,
    77.5,
    65.0,
    70.0,
    67.5,
    72.5,
    77.5,
    77.5,
    77.5,
    77.5,
    77.5,
    82.5,
    80.0,
    75.0,
    82.5,
    80.0,
    77.5,
    77.5,
    72.5,
    75.0,
    75.0,
    77.5,
    77.5,
    80.0
  ],
  "lr": [
    0.0004,
    0.0006,
    0.0008,
    0.001,
    0.001,
    0.0009987820251299122,
    0.0009951340343707852,
    0.000989073800366903,
    0.0009806308479691596,
    0.0009698463103929544,
    0.0009567727288213006,
    0.0009414737964294637,
    0.000924024048078213,
    0.0009045084971874739,
    0.0008830222215594891,
    0.0008596699001693257,
    0.0008345653031794292,
    0.0008078307376628292,
    0.0007795964517353735,
    0.0007500000000000001,
    0.0007191855733945389,
    0.0006873032967079562,
    0.000654508497187474,
    0.0006209609477998341,
    0.0005868240888334654,
    0.0005522642316338269,
    0.0005174497483512508,
    0.00048255025164874985,
    0.0004477357683661735,
    0.000413175911166535,
    0.00037903905220016624,
    0.0003454915028125265,
    0.0003126967032920441,
    0.00028081442660546135,
    0.0002500000000000002,
    0.00022040354826462674
  ],
  "best_acc": 82.5,
  "best_epoch": 24
}