{
    "train_loss": [
        0.34237451320146245,
        0.17898084573771483,
        0.22690238690775005,
        0.29814178736220737
    ],
    "train_acc": [
        100.0,
        100.0,
        100.0,
        100.0
    ],
    "val_loss": [
        11.00453224182129,
        10.965209197998046,
        10.902496910095214,
        10.775893020629884
    ],
    "val_acc": [
        90.0,
        90.0,
        90.0,
        90.0
    ],
    "lr": [
        0.00019510565162951537,
        0.00018090169943749473,
        0.00015877852522924732,
        0.00013090169943749474
    ],
    "best_acc": 90.0,
    "best_epoch": 1
}