{
    "train_loss": [
        0.9213486697938708,
        0.9138316790262858,
        0.8924221065309312,
        0.8975507709715101,
        0.8880889468722873,
        0.8781357950634426,
        0.8949649069044325,
        0.8798153082529704,
        0.8714410146077474,
        0.8708717200491164,
        0.8928736315833198
    ],
    "train_acc": [
        97.77777777777777,
        96.38888888888889,
        98.61111111111111,
        99.44444444444444,
        98.33333333333333,
        98.33333333333333,
        98.05555555555556,
        98.33333333333333,
        97.77777777777777,
        99.16666666666667,
        98.61111111111111
    ],
    "val_loss": [
        1.3124672412872314,
        1.2884271621704102,
        1.3023521900177002,
        1.2843740224838256,
        1.2885496616363525,
        1.276652956008911,
        1.289487075805664,
        1.281855869293213,
        1.271836757659912,
        1.2816725730895997,
        1.2910116195678711
    ],
    "val_acc": [
        77.5,
        80.0,
        80.0,
        80.0,
        77.5,
        82.5,
        80.0,
        82.5,
        82.5,
        82.5,
        82.5
    ],
    "lr": [
        4.9453690018345144e-05,
        4.783863644106502e-05,
        4.522542485937369e-05,
        4.172826515897146e-05,
        3.7500000000000003e-05,
        3.272542485937369e-05,
        2.7613211581691344e-05,
        2.2386788418308672e-05,
        1.727457514062632e-05,
        1.2500000000000009e-05,
        8.271734841028555e-06
    ],
    "best_acc": 82.5,
    "best_epoch": 6
}