{
    "train_loss": [
        0.20152508399203523,
        0.26206570830294773,
        0.1271921202617704,
        0.30905820688547264
    ],
    "train_acc": [
        100.0,
        100.0,
        100.0,
        100.0
    ],
    "val_loss": [
        11.003458786010743,
        11.188009262084961,
        11.166293716430664,
        11.210272598266602
    ],
    "val_acc": [
        87.5,
        87.5,
        87.5,
        87.5
    ],
    "lr": [
        1.9510565162951538e-05,
        1.8090169943749477e-05,
        1.5877852522924733e-05,
        1.3090169943749475e-05
    ],
    "best_acc": 87.5,
    "best_epoch": 1
}